{"workloada": {"run_runtime": 0.2573084, "run_operations": 100000.0, "run_thoroughput": 388641.4, "run_thoroughput_var": 433.7056697807858}, "workloadb": {"run_runtime": 0.2564852, "run_operations": 100000.0, "run_thoroughput": 389889.2, "run_thoroughput_var": 492.4979106554667}, "workloadc": {"run_runtime": 0.2563516, "run_operations": 100000.0, "run_thoroughput": 390093.8, "run_thoroughput_var": 595.1055973522682}}