{"workloada": {"run_runtime": 0.03502338, "run_operations": 100000.0, "run_thoroughput": 2855958.0, "run_thoroughput_var": 20404.04007053505}, "workloadb": {"run_runtime": 0.03533124, "run_operations": 100000.0, "run_thoroughput": 2830968.0, "run_thoroughput_var": 18796.75703944699}, "workloadc": {"run_runtime": 0.03540586, "run_operations": 100000.0, "run_thoroughput": 2825276.0, "run_thoroughput_var": 22444.270110654077}}