{"workloada": {"run_runtime": 0.1797788, "run_operations": 100000.0, "run_thoroughput": 559020.4, "run_thoroughput_var": 16776.193235892344}, "workloadb": {"run_runtime": 0.17640659999999997, "run_operations": 100000.0, "run_thoroughput": 566913.2, "run_thoroughput_var": 2171.7405627744765}, "workloadc": {"run_runtime": 0.1783528, "run_operations": 100000.0, "run_thoroughput": 560689.0, "run_thoroughput_var": 489.79318084269}}