{"workloada": {"run_runtime": 0.24687200000000004, "run_operations": 100000.0, "run_thoroughput": 405084.6, "run_thoroughput_var": 1171.4996406316136}, "workloadb": {"run_runtime": 0.2456318, "run_operations": 100000.0, "run_thoroughput": 407116.4, "run_thoroughput_var": 493.95316377162726}, "workloadc": {"run_runtime": 0.24592360000000002, "run_operations": 100000.0, "run_thoroughput": 406638.6, "run_thoroughput_var": 815.0732286120063}}