{"workloada": {"run_runtime": 0.18182040000000002, "run_operations": 100000.0, "run_thoroughput": 549995.4, "run_thoroughput_var": 404.67602844744835}, "workloadb": {"run_runtime": 0.1819868, "run_operations": 100000.0, "run_thoroughput": 549490.6, "run_thoroughput_var": 391.8992319461726}, "workloadc": {"run_runtime": 0.1816784, "run_operations": 100000.0, "run_thoroughput": 550425.6, "run_thoroughput_var": 505.58651880761215}}