{"workloada": {"run_runtime": 0.13403299999999999, "run_operations": 100000.0, "run_thoroughput": 746085.6, "run_thoroughput_var": 266.436423936368}, "workloadb": {"run_runtime": 0.13392639999999997, "run_operations": 100000.0, "run_thoroughput": 746681.2, "run_thoroughput_var": 446.8035272913588}, "workloadc": {"run_runtime": 0.13399640000000002, "run_operations": 100000.0, "run_thoroughput": 746288.8, "run_thoroughput_var": 435.0543322390895}}