{"workloada": {"run_runtime": 0.06640727999999999, "run_operations": 100000.0, "run_thoroughput": 1505978.0, "run_thoroughput_var": 6018.190691561709}, "workloadb": {"run_runtime": 0.06663722, "run_operations": 100000.0, "run_thoroughput": 1500742.0, "run_thoroughput_var": 4883.287744952165}, "workloadc": {"run_runtime": 0.06644375999999999, "run_operations": 100000.0, "run_thoroughput": 1505168.0, "run_thoroughput_var": 6352.7665784286455}}