{"workloada": {"run_runtime": 0.122474, "run_operations": 100000.0, "run_thoroughput": 816507.6, "run_thoroughput_var": 1200.2343971074984}, "workloadb": {"run_runtime": 0.12329760000000001, "run_operations": 100000.0, "run_thoroughput": 811150.2, "run_thoroughput_var": 4096.544088863197}, "workloadc": {"run_runtime": 0.1227946, "run_operations": 100000.0, "run_thoroughput": 814380.4, "run_thoroughput_var": 1481.862007070834}}