{"workloada": {"run_runtime": 0.38280379999999997, "run_operations": 100000.0, "run_thoroughput": 261231.0, "run_thoroughput_var": 133.4355275029855}, "workloadb": {"run_runtime": 0.38294759999999994, "run_operations": 100000.0, "run_thoroughput": 261132.4, "run_thoroughput_var": 135.80857115808266}, "workloadc": {"run_runtime": 0.38269739999999997, "run_operations": 100000.0, "run_thoroughput": 261303.4, "run_thoroughput_var": 68.93858136051249}}