{"workloada": {"run_runtime": 0.3826014, "run_operations": 100000.0, "run_thoroughput": 261368.8, "run_thoroughput_var": 51.094735540953735}, "workloadb": {"run_runtime": 0.382511, "run_operations": 100000.0, "run_thoroughput": 261430.4, "run_thoroughput_var": 34.60473955977707}, "workloadc": {"run_runtime": 0.3827322, "run_operations": 100000.0, "run_thoroughput": 261279.6, "run_thoroughput_var": 144.63598445753394}}