{"workloada": {"run_runtime": 0.05135942, "run_operations": 100000.0, "run_thoroughput": 1947066.0, "run_thoroughput_var": 400.0759927813715}, "workloadb": {"run_runtime": 0.05103244, "run_operations": 100000.0, "run_thoroughput": 1959586.0, "run_thoroughput_var": 4236.9485245870055}, "workloadc": {"run_runtime": 0.05115014, "run_operations": 100000.0, "run_thoroughput": 1955080.0, "run_thoroughput_var": 4524.756789044025}}