{"workloada": {"run_runtime": 0.5857108, "run_operations": 100000.0, "run_thoroughput": 170732.8, "run_thoroughput_var": 33.98517323775178}, "workloadb": {"run_runtime": 0.5854076, "run_operations": 100000.0, "run_thoroughput": 170821.2, "run_thoroughput_var": 43.74507972332431}, "workloadc": {"run_runtime": 0.5854344000000001, "run_operations": 100000.0, "run_thoroughput": 170813.2, "run_thoroughput_var": 24.919711073766486}}