{"workloada": {"run_runtime": 0.2334422, "run_operations": 100000.0, "run_thoroughput": 428371.8, "run_thoroughput_var": 207.13925750566938}, "workloadb": {"run_runtime": 0.23339899999999997, "run_operations": 100000.0, "run_thoroughput": 428451.2, "run_thoroughput_var": 168.13456515541353}, "workloadc": {"run_runtime": 0.2332142, "run_operations": 100000.0, "run_thoroughput": 428790.4, "run_thoroughput_var": 63.46564424946776}}