{"workloada": {"run_runtime": 0.2331896, "run_operations": 100000.0, "run_thoroughput": 428835.8, "run_thoroughput_var": 40.11922232546389}, "workloadb": {"run_runtime": 0.23337639999999998, "run_operations": 100000.0, "run_thoroughput": 428492.8, "run_thoroughput_var": 200.44378763134566}, "workloadc": {"run_runtime": 0.23343699999999998, "run_operations": 100000.0, "run_thoroughput": 428381.2, "run_thoroughput_var": 173.0522233315712}}