{"workloada": {"run_runtime": 0.17437919999999998, "run_operations": 100000.0, "run_thoroughput": 573464.6, "run_thoroughput_var": 417.86328864833285}, "workloadb": {"run_runtime": 0.1732936, "run_operations": 100000.0, "run_thoroughput": 577070.2, "run_thoroughput_var": 1258.4528088092934}, "workloadc": {"run_runtime": 0.1739376, "run_operations": 100000.0, "run_thoroughput": 574951.8, "run_thoroughput_var": 1937.0966604689606}}