{"workloada": {"run_runtime": 0.10005975999999998, "run_operations": 100000.0, "run_thoroughput": 999514.2, "run_thoroughput_var": 4695.838177791053}, "workloadb": {"run_runtime": 0.10018464, "run_operations": 100000.0, "run_thoroughput": 998232.4, "run_thoroughput_var": 3891.918936463092}, "workloadc": {"run_runtime": 0.09972476, "run_operations": 100000.0, "run_thoroughput": 1002777.4, "run_thoroughput_var": 1776.0244953265706}}